{
  "${ModID}:RagerQuest": {
    "TITLE": "狂攻",
    "DESCRIPTION": "在一个回合内打出 #b5 张攻击牌。",
    "AUTHOR": "Gk",
    "TRACKER_TEXT": [
      "本回合已打出的攻击牌"
    ]
  },
  "${ModID}:AbstinenceQuest": {
    "TITLE": "戒除",
    "DESCRIPTION": "在接下来的 #b4 场战斗中不使用药水。",
    "AUTHOR": "Gk",
    "TRACKER_TEXT": [
      "未使用药水的战斗场数"
    ]
  },
  "${ModID}:BasicProficiencyQuest": {
    "TITLE": "基础精通",
    "DESCRIPTION": "在一场战斗中打出 %s #b 次。",
    "AUTHOR": "Gk",
    "TRACKER_TEXT": [
      "已打出次数"
    ],
    "EXTRA_TEXT": [
      "在一场战斗中打出指定的初始卡牌 #b3 次。"
    ]
  },
  "${ModID}:BountyICQuest": {
    "TITLE": "悬赏：红色威胁",
    "DESCRIPTION": "一个由火焰与钢铁构成的威胁正潜伏于此。本幕的下一个精英敌人将被替换为 #r铁甲战士 。",
    "AUTHOR": "Gk",
    "REWARD": "将奖励替换为优质的 #r铁甲战士 主题奖励。",
    "TRACKER_TEXT": [
      "威胁已清除"
    ]
  },
  "${ModID}:FavouriteCustomerQuest": {
    "TITLE": "贵宾客户",
    "DESCRIPTION": "在商店中消费 #b10 次。",
    "AUTHOR": "Gk",
    "TRACKER_TEXT": [
      "在商店消费的次数"
    ]
  }
}