{
  "${ModID}:ClumsyFiendFire": {
    "NAME": "笨拙厉火",
    "DESCRIPTION": "虚无。 NL 消耗你的手牌。 NL 消耗。"
  },
  "${ModID}:ClumsyNightmare": {
    "NAME": "笨拙噩梦",
    "DESCRIPTION": "虚无。 NL 选择一张牌。 NL 消耗。"
  },
  "${ModID}:ClumsyReboot": {
    "NAME": "笨拙重启",
    "DESCRIPTION": "虚无。 NL 将所有手牌洗入抽牌堆。 NL 消耗。"
  },
  "${ModID}:ClumsyBlasphemy": {
    "NAME": "笨拙亵渎",
    "DESCRIPTION": "虚无。 NL 下个回合死亡。 NL 消耗。"
  }
}