{
  "${ModID}:LessonOfTheFlameQuest": {
    "TITLE": "烈焰课程",
    "DESCRIPTION": "获得 #y任务绑定 #y笨拙 #y厉火 。 NL 打出 #y笨拙 #y厉火 #b 次。",
    "AUTHOR": "iry",
    "TRACKER_TEXT": [
      "已打出笨拙厉火"
    ]
  },
  "${ModID}:LessonOfTheBogQuest": {
    "TITLE": "泥沼课程",
    "DESCRIPTION": "获得 #y任务绑定 #y笨拙 #y噩梦 。 NL 打出 #y笨拙 #y噩梦 #b 次。",
    "AUTHOR": "iry",
    "TRACKER_TEXT": [
      "已打出笨拙噩梦"
    ]
  },
  "${ModID}:LessonOfTheCoreQuest": {
    "TITLE": "核心课程",
    "DESCRIPTION": "获得 #y任务绑定 #y笨拙 #y重启 。 NL 打出 #y笨拙 #y重启 #b 次。",
    "AUTHOR": "iry",
    "TRACKER_TEXT": [
      "已打出笨拙重启"
    ]
  },
  "${ModID}:LessonOfTheAsceticQuest": {
    "TITLE": "苦行课程",
    "DESCRIPTION": "获得 #y任务绑定 #y笨拙 #y亵渎 。 NL 打出 #y笨拙 #y亵渎 #b 次。",
    "AUTHOR": "iry",
    "TRACKER_TEXT": [
      "已打出笨拙亵渎"
    ]
  },
  "${ModID}:TwosCompanyQuest": {
    "TITLE": "成双成对",
    "DESCRIPTION": "在 #b 场不同的战斗中，于你的最终回合开始时恰好有 #b 名敌人存活。",
    "AUTHOR": "iry",
    "TRACKER_TEXT": [
      "最终回合开始时有两名敌人存活"
    ]
  }
}