{
  "${ModID}:RadiationDispenserRelic": {
    "NAME": "辐射分配器",
    "FLAVOR": "滋滋解渴！",
    "DESCRIPTIONS": [
      "战斗奖励有几率包含一瓶 #y核能果汁 。"
    ]
  },
  "${ModID}:GrapefruitRelic": {
    "NAME": "葡萄柚",
    "FLAVOR": "食用前请咨询你的神秘学家，因为葡萄柚可能会与多种药水发生相互作用。",
    "DESCRIPTIONS": [
      "拾取时，你的最大生命值提高 #b20% 。"
    ]
  },
  "${ModID}:CharadeOrbRelic": {
    "NAME": "炫彩单元",
    "FLAVOR": "此单元低语着四种声音，但永不和谐。",
    "DESCRIPTIONS": [
      "在每个回合开始时，此遗物将循环至一个新的状态。根据其颜色，每种状态会在回合开始时 #r造成伤害 、#g抽牌并弃牌 、#b获得格挡 或 #p预见 。",
      "在本回合开始时，对所有敌人造成 #b5 点伤害。",
      "在本回合开始时，抽 #b1 张牌，然后丢弃 #b1 张牌。",
      "在本回合开始时，获得 #b5 点 #y格挡 。",
      "在本回合开始时， #y预见 #b1 。",
      "下一个颜色将是 %s",
      "#r红色 。",
      "#g绿色 。",
      "#b蓝色 。",
      "#p紫色 。"
    ]
  },
  "${ModID}:KeyringRelic": {
    "NAME": "雄心钥匙环",
    "FLAVOR": "总有一把能打开点什么……",
    "DESCRIPTIONS": [
      "你打开的下一个BOSS宝箱将额外多一个遗物可供选择。"
    ]
  },
  "${ModID}:SpearmintPelletRelic": {
    "NAME": "薄荷含片",
    "FLAVOR": "我觉得这玩意儿不是拿来吃的，但谁又能拦得住你呢。",
    "DESCRIPTIONS": [
      "当你在同一回合内打出一张 #y能力 牌、一张 #y攻击 牌 和一张 #y技能 牌 时，获得 [E] 。"
    ]
  }
}