{
  "${ModID}:AmbitiousStrikeQuest": {
    "TITLE": "雄心打击",
    "DESCRIPTION": "以一张初始 #y打击 作为你打出的最后一张牌来结束一场精英战斗。",
    "AUTHOR": "Darkglade",
    "REWARD": "升级一张随机的 #y攻击牌 。",
    "TRACKER_TEXT": [
      "以初始打击完成精英战斗"
    ]
  },
  "${ModID}:DoomsdayCalendarQuest": {
    "TITLE": "末日时钟",
    "DESCRIPTION": "拾取时，获得 #y临终时刻 。 NL 使用 #y临终时刻 斩杀敌人 #b12 次。",
    "AUTHOR": "Darkglade",
    "TRACKER_TEXT": [
      "献祭次数"
    ]
  }
}