{
  "${ModID}:GrandFinaleQuest": {
    "TITLE": "华丽收场",
    "DESCRIPTION": "获得一张 #y任务束缚 的 #y华丽收场 。 NL 打出 #y华丽收场 。",
    "AUTHOR": "SoytheProton",
    "TRACKER_TEXT": [
      "已打出华丽收场次数"
    ],
    "EXTRA_TEXT": [
      "趣味知识！",
      "任务束缚卡牌就是为这个任务而设计的！（我做的）"
    ]
  },
  "${ModID}:LuckyNumberQuest": {
    "TITLE": "幸运数字",
    "DESCRIPTION": "获得一个 #y任务束缚 的 #y靴子 。 NL 在接下来的 #b3 场战斗中，于一场战斗内触发 #y靴子 效果 #b7 次。",
    "AUTHOR": "SoytheProton",
    "TRACKER_TEXT": [
      "已触发靴子次数",
      "剩余战斗场数"
    ],
    "EXTRA_TEXT": [
      "趣味知识！",
      "任务束缚遗物就是为这个任务而设计的！（也是我做的）"
    ]
  },
  "${ModID}:MothQuest": {
    "TITLE": "振翅之友",
    "DESCRIPTION": "一位脆弱的朋友正跟随你前行。在本幕中，承受未格挡的攻击伤害不超过 #b25 点。",
    "AUTHOR": "CrypticAurora",
    "TRACKER_TEXT": [
      "已完成幕数",
      "承受的未格挡攻击伤害"
    ],
    "EXTRA_TEXT": [
      "趣味知识！",
      "音效 \"借鉴\" 自《蔚蓝》。"
    ]
  },
  "${ModID}:SpeedrunQuest": {
    "TITLE": "速通挑战！",
    "DESCRIPTION": "在本幕中，于 #b4 回合内完成 #b3 场战斗。",
    "AUTHOR": "SoytheProton",
    "REWARD": "选择一张牌从你的牌组中移除。",
    "TRACKER_TEXT": [
      "本幕中在4回合内完成的战斗数"
    ]
  }
}
