{
  "${ModID}:MagicBoot": {
    "NAME": "魔法靴",
    "FLAVOR": "上紧发条时，此靴能打破所有已知的物质守恒定律。",
    "DESCRIPTIONS": [
      "每当你造成 #b6 点或更少的未被格挡的攻击伤害时，将其提高至 #b7 点。"
    ]
  },
  "${ModID}:IoMoth": {
    "NAME": "符文飞蛾",
    "FLAVOR": "一件描绘了鳞翅目生物的古旧护符。",
    "DESCRIPTIONS": [
      "在本场战斗中每承受一次未被格挡的攻击伤害，在你的回合开始时额外抽 1 张牌。"
    ]
  }
}