{
  "${ModID}:HoardQuest": {
    "TITLE": "囤积宝藏",
    "DESCRIPTION": "积累金币，使你拥有至少 #b500 金币的宝藏！",
    "AUTHOR": "JackRenoson",
    "TRACKER_TEXT": ["拥有500金币"]
  },
  "${ModID}:RainbowQuest": {
    "TITLE": "追逐彩虹",
    "DESCRIPTION": "",
    "AUTHOR": "JackRenoson",
    "TRACKER_TEXT": [
      "从 #b",
      " 种独特颜色加入你的牌组。"
    ],
    "EXTRA_TEXT": [
      "拾取时，获得一个 #y任务绑定 #y棱彩 #y碎片。从 #b",
      " 种独特颜色加入你的牌组。",
      "已添加颜色："
    ]
  },
  "${ModID}:TreasureMapQuest": {
    "TITLE": "藏宝图",
    "DESCRIPTION": "你找到一张地图，指向本幕后续的一个休息处。去那里 #y挖掘 一些宝藏！",
    "AUTHOR": "JackRenoson",
    "REWARD": "挖掘一个随机遗物。",
    "TRACKER_TEXT": [
      "前往标记X的休息处"
    ]
  },
  "${ModID}:BoatRepairQuest": {
    "TITLE": "船只维修",
    "DESCRIPTION": "你找到一艘破损的船。它需要 #y锚 、#y船 #y夹板 和 #y舵 #y盘 才能重新工作。地图上有些标记指示你可能找到它们的地方，但在你收集齐之前，它们提供的 #y格挡 会减少。",
    "AUTHOR": "JackRenoson",
    "TRACKER_TEXT": [
      "找到一个锚",
      "找到一个船夹板",
      "找到一个舵盘"
    ]
  }
}