{
  "${ModID}:Sail": {
    "NAME": "船帆",
    "FLAVOR": "与其他船部件类似，这块船帆在防御上对你有所帮助，但比其他部件更加灵活。",
    "DESCRIPTIONS": [
      "每场战斗开始时，获得一张 #y扬帆卡 ，提供 #b6 点 #y格挡 。在你的第3个回合后， #y消耗 它。"
    ]
  },
  "${ModID}:Whelp": {
    "NAME": "幼龙",
    "FLAVOR": "金币越多，力量越强！",
    "DESCRIPTIONS": [
      "每当你抽到一张 #y状态 或 #y诅咒 牌时，对所有敌人造成 #b1 点伤害。你每拥有 #b100 金币，此伤害增加 #b1 点。"
    ]
  }
}