{
  "${ModID}:ClawQuest": {
    "TITLE": "爪击",
    "DESCRIPTION": "打出 #y爪击 #b30 次。",
    "AUTHOR": "Theabest",
    "TRACKER_TEXT": [
      "已打出爪击次数"
    ]
  },
  "${ModID}:HealthyQuest": {
    "TITLE": "健康",
    "DESCRIPTION": "在下个首领前将生命值回复至全满。",
    "AUTHOR": "Theabest",
    "TRACKER_TEXT": [
      "已达成最大生命值"
    ]
  },
  "${ModID}:WaitForItQuest": {
    "TITLE": "静待时机",
    "DESCRIPTION": "在 #b5 场不同的战斗中，结束回合且未打出任何牌。",
    "AUTHOR": "Theabest",
    "TRACKER_TEXT": [
      "已等待回合数"
    ]
  },
  "${ModID}:UnchangedQuest": {
    "TITLE": "一成不变",
    "DESCRIPTION": "不能改变你的最大生命值。击败第二幕首领。",
    "AUTHOR": "Theabest",
    "TRACKER_TEXT": [
      "在不改变最大生命值的情况下击败第二幕首领"
    ]
  }
}