{
  "${ModID}:DefectEliteMonster": {
    "MOVES": [
      "核心电涌 / 偏差认知 / 彩虹",
      "扩容 / 电动力学 / 碎片整理",
      "雷霆打击 / 飞跃 / 力场",
      "球状闪电 / 编译冲击 / 碎片整理",
      "电击 / 冷静头脑 / 漆黑"
    ],
    "NAME": "蓝色恶魔"
  },
  "${ModID}:LightningOrbMinion": {
    "MOVES": [
      "闪电"
    ],
    "NAME": "闪电充能球"
  },
  "${ModID}:FrostOrbMinion": {
    "MOVES": [
      "冰霜"
    ],
    "NAME": "冰霜充能球"
  },
  "${ModID}:DarkOrbMinion": {
    "MOVES": [
      "聚集",
      "释放"
    ],
    "NAME": "黑暗充能球"
  }
}