{
  "${ModID}:PeasantsTunic": {
    "NAME": "农民束腰",
    "FLAVOR": "虽显朴素，但看起来相当潇洒。",
    "DESCRIPTIONS": [
      "每当你打出一张 #y普通 牌时，获得 #b1 点 #y格挡 。"
    ]
  },
  "${ModID}:OwlMask": {
    "NAME": "猫头鹰面具",
    "FLAVOR": "咕咕。",
    "DESCRIPTIONS": [
      "每当你进入一个 #y? 房间时，获得 #b1 点最大生命值。"
    ]
  },
  "${ModID}:FloralGarland": {
    "NAME": "花环",
    "FLAVOR": "由心地纯净之人祝福过。",
    "DESCRIPTIONS": [
      "每场战斗中，你首次抽到一张 #r诅咒 时，抽 #b1 张牌。"
    ]
  },
  "${ModID}:SpireAlloyHelmet": {
    "NAME": "尖塔合金头盔",
    "FLAVOR": "由不寻常的金属混合物制成。",
    "DESCRIPTIONS": [
      "每当你获得 #y虚弱 或 #y脆弱 时，其层数减少 #b1 。"
    ]
  },
  "${ModID}:JewelledBauble": {
    "NAME": "珠宝饰物",
    "FLAVOR": "据说持有这个护符能带来新思路。",
    "DESCRIPTIONS": [
      "在每场战斗开始时，从 #b3 张 #y罕见 牌中选择 #b1 张加入你的手牌。"
    ]
  },
  "${ModID}:MulticlassEmblem": {
    "NAME": "多职业徽章",
    "FLAVOR": "技艺精湛的象征。",
    "DESCRIPTIONS": [
      "战斗奖励界面中包含另一名角色的卡牌。每当你将一张他们的卡牌加入你的牌组时，获得 #b%d #y金币 。",
      "战斗奖励界面中包含 %s 的卡牌。每当你将一张来自 %s 的卡牌加入你的牌组时，获得 #b%d #y金币 。"
    ]
  },
  "${ModID}:CustomerAppreciationAward": {
    "NAME": "顾客感谢奖",
    "FLAVOR": "献给最好的顾客。",
    "DESCRIPTIONS": [
      "拾取时，获得 #b10 金币，获得 #b1 点最大生命值，并 #y升级 #b1 张随机 #y普通 牌。"
    ]
  },
  "${ModID}:VolatileStardust": {
    "NAME": "易爆星尘",
    "FLAVOR": "从坠落的星辰中提取而来。",
    "DESCRIPTIONS": [
      "每当你完全格挡攻击伤害时，反弹 #b7 点伤害。"
    ]
  },
  "${ModID}:TheLivingCurse": {
    "NAME": "活体诅咒",
    "FLAVOR": "它以痛苦为食。",
    "DESCRIPTIONS": [
      "卡牌奖励中有时会包含 #r诅咒 以及从 #g拥抱 #g诅咒 中获得的特殊卡牌。每当你抽到一张 #r诅咒 时，抽 #b1 张牌。 #y凡庸 允许打出 #b6 张牌。 #y疼痛 和 #y悔恨 改为失去 #y格挡 而非生命值。"
    ]
  }
}