{
  "${ModID}:TwistedFightNames": {
    "TEXT": [
      "城市暴徒",
      "彼岸信徒",
      "飞鸟与巨虫",
      "燃烧的圆球行者",
      "戳刺之书",
      "近乎无壳的寄生者",
      "中毒的奴隶贩子",
      "大颚精英",
      "爆炸者与带壳寄生者",
      "加倍有趣的异蛇",
      "错配群怪",
      "微小剧团",
      "路障兄弟",
      "故障机械",
      "双重麻烦",
      "异蛇信徒",
      "匕首乐嘉",
      "史莱姆的选定者",
      "超级三人组",
      "巨口与大颚与术士",
      "巨型飞鸟"
    ]
  },
  "${ModID}:TwistedEnemyNames": {
    "TEXT": [
      "迷你大头",
      "装甲地精巫师",
      "异蛇信徒",
      "超级岗哨",
      "强悍的盗匪",
      "过度生长的真菌兽",
      "迷你巨口",
      "中毒的奴隶贩子",
      "哑火爆炸者",
      "柔软尖刺怪",
      "破碎斥候",
      "大型飞鸟"
    ]
  },
  "${ModID}:SneckoCultistDialog": {
    "TEXT": [
      "赞美异蛇！",
      "伟大之眼正注视着我们！",
      "0费和1费归于我们！2费和3费归于你！",
      "异蛇即爱，异蛇即生命！",
      "异蛇异蛇异蛇异蛇异蛇异蛇异蛇异蛇",
      "为异蛇献出生命！",
      "觉醒者是伪神，异蛇才是真谛！",
      "只要给我异蛇之眼，我必接受！",
      "3 3 2 1 1 1 0 1 3 0 1 1 2 1 3 0 3 1 1 0 2 1 3 2",
      "0 0 2 1 0 2 2 1 3 0 2 0 0 2 3 1 0 3 1 3 2 3 0 0",
      "2 2 0 3 3 0 2 2 0 0 2 2 3 3 0 1 0 3 0 3 2 3 2 1",
      "1 3 2 2 0 0 0 0 3 2 2 3 1 0 2 2 1 0 2 2 2 2 3 1"
    ]
  }
}
