{
  "${ModID}:SelloutAdCard": {
    "NAME": "广告",
    "DESCRIPTION": "stslib:Exhaustive !stslib:ex!. 将这张牌洗入你的抽牌堆。",
    "EXTENDED_DESCRIPTION": [
      "（此处可刊登您的广告，详情请联系商人。）",
      "（广告位招租，详情请联系商人。）",
      "（广告位招租，详情请联系商人。）",
      "（您的广告可出现在此，详情请联系商人。）",
      "（让您的广告被尖塔屠戮者看到！详情请联系商人。）",
      "（此卡牌文本由“设计之巅”赞助。提升您的风格今日！来访前请擦干净您恶心的血迹。）",
      "（此卡牌文本由马扎勒斯教团赞助。立即加入，履行您的使命。）",
      "（此卡牌文本由大竞技场赞助。来看我们的冠军战斗！从当地商人处购买前排门票！）",
      "（此卡牌文本由李记华夫饼赞助。您将在尖塔中找到的最美味佳肴！）",
      "（此卡牌文本由商人赞助。支持小企业！）",
      "（此卡牌文本由蓝调酿酒厂赞助。购买我们的药水。现在。否则。）",
      "（此卡牌文本由小鬼赌场赞助。来玩“匹配保留”或“旋转轮盘”！您可能就是幸运儿！）",
      "（此卡牌文本由《突袭：幻灵传奇》赞助。来和我们一起玩吧，我们不咬人！）",
      "（此卡牌文本由吸血鬼氏族赞助。加入我们，感受尖塔的温暖。）",
      "（此卡牌文本由NeowVPN赞助。）",
      "（此卡牌文本由Neow人寿保险赞助。我会将您带回来无数次。）",
      "（此卡牌文本由增强者货栈赞助。使用JAXXED，增长肌肉，成为最强！）",
      "（此卡牌文本由铁甲战士赞助。我没有什么信息要推送，我只想要更多状态牌加入我的牌组。）",
      "（此卡牌文本由铁甲战士赞助。商人答应给我的是状态牌，不是技能牌！等我解决掉心脏，下一个就轮到他。）",
      "（此卡牌文本由静默猎手赞助。）",
      "（此卡牌文本由故障机器人赞助。System.out.println(\"Hello world!\"))",
      "（此卡牌文本由观者赞助。）",
      "（此卡牌文本由隐士赞助。）",
      "（此卡牌文本由包王赞助。高价收购您的稀有卡牌！）",
      "（此卡牌文本由牧师赞助。天才牧师卡牌移除服务！100%利润用于慈善！）",
      "（此卡牌文本由兰维德赞助。）",
      "（此卡牌文本由SSS级巨蛇赞助。需要钱吗？今天就申请贷款！无疑虑、无后悔、无愧疚！）",
      "（此卡牌文本由罗密欧一伙赞助。需要钱吗？是啊，我也需要。你应该把你所有的金子都给我们。）",
      "（此卡牌文本由换脸者赞助。需要脸吗？我有好看的脸。来交换吧。）",
      "（此卡牌文本由Frost Prime赞助。每周一屠戮主播！）",
      "（此卡牌文本由《杀戮尖塔2》赞助。立即在Steam上添加愿望单！）",
      "（此卡牌文本由尖塔咖啡馆赞助。爬塔爬累了吗？进来喝一杯吧！）",
      "（此卡牌文本由保罗·好小鬼赞助。你知道你有权利吗？有事就找保罗！）",
      "（此卡牌文本由自由尖塔协会赞助。厌倦了为工头做苦工了吗？您可能有权获得经济补偿。）",
      "（此卡牌文本由Baalorlord赞助。每周屠戮尖塔4天！）",
      "（此卡牌文本由死灵绑师赞助。你见过奥斯蒂吗？找到悬赏500金币。）",
      "（此卡牌文本由摄政者赞助。我的目标超乎你的理解。）",
      "（此卡牌文本由战斗高塔赞助。敢不敢进来……）",
      "（此卡牌文本由ModTheSpire赞助。八周年快乐！）",
      "（此卡牌文本由果冻G.赞助。）",
      "（此卡牌文本由城市图书馆赞助。来阅读或放松吧！我们的书不会刺伤你！）",
      "（此卡牌文本由瞬影赞助。希望在我写完这个之前我",
      "（此卡牌文本由时间吞噬者赞助。英俊的蛞蝓寻找伴侣。观者勿扰。请至彼岸垂询。）",
      "（此卡牌文本由马扎勒斯教团赞助。咔咔！）",
      "（此卡牌文本由马扎勒斯教团赞助。致那个胆大包天偷走我们捐款箱的小偷：你不属于这里！）",
      "（此卡牌文本由更新正文赞助。）",
      "（此卡牌文本由冠军赞助。我期待着一个值得的对手出现。用你们全部的力量来攻击我吧，弱者们！）"
    ]
  },


  "${ModID}:BlessingHeaven": {
    "NAME": "天之祝福",
    "DESCRIPTION": "保留。 NL 防止下一次你即将失去生命值的效果。消耗。",
    "UPGRADE_DESCRIPTION": "保留。 NL 防止下 !M! 次你即将失去生命值的效果。消耗。"
  },

  "${ModID}:BlessingEarth": {
    "NAME": "地之祝福",
    "DESCRIPTION": "{@@}保留。 NL 获得 [E]。 NL 抽 !M! 张牌{!M!|>1=s}。 NL 消耗。"
  },

  "${ModID}:BlessingMan": {
    "NAME": "人之祝福",
    "DESCRIPTION": "保留。 NL 给予所有敌人 1 层易伤 !M! 次。消耗。"
  }
}