{
  "${ModID}:SelloutQuest": {
    "TITLE": "广告推销",
    "DESCRIPTION": "拾取时，将 #b1 张 #y广告 加入你的牌组。从牌组中移除 #y广告 以完成任务。\n\n",
    "AUTHOR": "RamChops Games",
    "REWARD": "每打出 #b1 张 #y广告 ，获得 #b10 金币。",
    "TRACKER_TEXT": [
      "应付广告收入",
      "移除广告"
    ]
  },
  "${ModID}:CeaselessHungerQuest": {
    "TITLE": "无尽饥渴",
    "DESCRIPTION": "Upon pickup, obtain #yN'loth's #yFace [REMOVE_SPACE]. Obtain another #yN'loth's #yFace at the start of Act 2. Open a chest in Act 3 to complete this Quest.",
    "AUTHOR": "RamChops Games",
    "REWARD": "Remove all #yN'loth's #yFaces and obtain #b2 random #yRelics for each #yN'loth's #yFace removed.",
    "TRACKER_TEXT": [
      "打开一个第三幕宝箱"
    ]
  },
  "${ModID}:EvilSentryQuest": {
    "TITLE": "邪恶哨兵",
    "DESCRIPTION": "你本幕的下一个精英将是三个哨兵。除了它们的正常行动外，它们还能执行一个特殊行动（造成 #b5 点伤害并给予 #b1 层抽牌削减）。击败它们。",
    "AUTHOR": "RamChops Games",
    "TRACKER_TEXT": [
      "击败邪恶哨兵"
    ]
  },
  "${ModID}:WindowShoppingQuest": {
    "TITLE": "橱窗购物",
    "DESCRIPTION": "离开 #b2 家商店且不在其中任何一家花费金币。",
    "AUTHOR": "RamChops Games",
    "TRACKER_TEXT": [
      "离开商店且未花费金币"
    ],
    "EXTRA_TEXT": [
      " NL NL #r警告 ： #r若 #r在 #r此 #r商店 #r花费 #r金钱 #r后 #r拾取 ， #r任务 #r将 #r失败 ！"
    ]
  },
  "${ModID}:ThatsSmoresQuest": {
    "TITLE": "那是烤棉花糖",
    "DESCRIPTION": "你现在可以在休息处烤棉花糖。进行 #b2 次。",
    "AUTHOR": "RamChops Games",
    "TRACKER_TEXT": [
      "烤棉花糖次数"
    ]
  },
  "${ModID}:CharityQuest": {
    "TITLE": "慈善个案",
    "DESCRIPTION": "你跳过的任何金币奖励都将捐赠给牧师。此任务在你获得任何金币时，或当你获得 #y灵体 [REMOVE_SPACE] 时结束。",
    "AUTHOR": "RamChops Games",
    "REWARD": "牧师感谢你！他将在每捐赠 #b15 金币时授予 #b1 点最大生命值。",
    "TRACKER_TEXT": [
      "已捐赠金币",
      "牧师的感激",
      "获得一些金币"
    ]
  },
  "${ModID}:BloomerQuest": {
    "TITLE": "好吧，花开者",
    "DESCRIPTION": "拾取时，获得一个 #y任务束缚 的 #y绽放印记 [REMOVE_SPACE] 。携带它攀登 #b10 层。",
    "AUTHOR": "RamChops Games",
    "TRACKER_TEXT": [
      "攀登楼层数"
    ]
  },
  "${ModID}:HashtagBlessedQuest": {
    "TITLE": "#祝福",
    "DESCRIPTION": "在每场战斗开始时，一个随机的非爪牙敌人将被赋予一个随机增益。击败第二幕首领。",
    "AUTHOR": "RamChops Games",
    "TRACKER_TEXT": [
      "击败第二幕首领"
    ]
  }
}