{
  "${ModID}:FriendSentry": {
    "NAME": "友好哨兵",
    "FLAVOR": "\"答案是什么？用激光。如果那不行……就用更多激光。\" - 建筑师",
    "DESCRIPTIONS": [
      "在奇数回合开始时，将一张 #y洞察 加入你的弃牌堆。"
    ]
  },
  "${ModID}:SmoresRelic": {
    "NAME": "烤棉花糖",
    "FLAVOR": "棉花糖，巧克力，全麦饼干。",
    "DESCRIPTIONS": [
      "拾取时，你的最大生命值提高 #b%s 。"
    ]
  },
  "${ModID}:MahjongRelic": {
    "NAME": "麻将牌",
    "FLAVOR": "当你把它放下时，会发出令人满意的咔嗒声。",
    "DESCRIPTIONS": [
      "在每场战斗开始时，将一张随机三选一的0费 #y祝福 牌加入你的手牌，该牌具有 #y保留 。这些 #y祝福 要么能防止你下次将受到的伤害，要么能获得 [E] 和抽牌，要么会给予所有敌人 #y易伤 。"
    ]
  }
}