{
  "${ModID}:RecursiveModuleMonster": {
    "MOVES": [
      "攻击",
      "重复"
    ],
    "NAME": "递归模块"
  },
  "${ModID}:PowerModuleMonster": {
    "MOVES": [
      "攻击",
      "力量提升"
    ],
    "NAME": "能量模块"
  },
  "${ModID}:TwinModuleMonster": {
    "MOVES": [
      "攻击",
      "休息"
    ],
    "NAME": "双子模块"
  },
  "${ModID}:PerfectModuleMonster": {
    "MOVES": [
      "攻击"
    ],
    "NAME": "完美模块"
  },
  "${ModID}:TickingModuleMonster": {
    "MOVES": [
      "蓄力",
      "攻击"
    ],
    "NAME": "滴答模块"
  },
  "${ModID}:VirusModuleMonster": {
    "MOVES": [
      "攻击",
      "休息"
    ],
    "NAME": "病毒模块"
  },
  "${ModID}:HaywireModuleMonster": {
    "MOVES": [
      "攻击"
    ],
    "NAME": "失控模块"
  },
  "${ModID}:PylonModuleMonster": {
    "MOVES": [
      "攻击"
    ],
    "NAME": "能源塔模块"
  }
}