{
  "${ModID}:GennGreymaneQuest": {
    "TITLE": "吉恩·格雷迈恩",
    "DESCRIPTION": "构筑你的牌组，使其至少包含 #b7 张偶数/X耗能牌，且没有奇数耗能牌（初始牌除外）。 NL 若你牌组中没有奇数耗能牌，则卡牌奖励中至少包含一张偶数/X耗能牌。",
    "AUTHOR": "snumodder",
    "REWARD": "升级所有初始牌。",
    "TRACKER_TEXT": [
      "偶数/X耗能牌",
      "无奇数耗能牌"
    ]
  },
  "${ModID}:GaronaHalforcenQuest": {
    "TITLE": "迦罗娜·哈弗欧森",
    "DESCRIPTION": "获得 #y任务束缚 的 #y莱恩国王 。 NL 使其在 #b3 场战斗中不被消耗。",
    "AUTHOR": "snumodder",
    "TRACKER_TEXT": [
      "莱恩国王成功存活"
    ]
  },
  "${ModID}:ZilliaxDeluxe3000Quest": {
    "TITLE": "奇利亚斯豪华3000型",
    "DESCRIPTION": "一个随机的模块怪物与敌人一同出现。 NL 从额外的模块卡牌奖励中获得 #b2 张不同的模块牌。",
    "AUTHOR": "snumodder",
    "TRACKER_TEXT": [
      "已获得模块"
    ]
  },
  "${ModID}:BattleAtTheEndTimeQuest": {
    "TITLE": "决战终末之时",
    "DESCRIPTION": "清空所有药水栏位。 NL 在同时拥有 #b2 瓶或更多药水后，再次清空所有药水栏位。",
    "AUTHOR": "snumodder",
    "TRACKER_TEXT": [
      "清空栏位",
      "填满栏位",
      "再次清空栏位"
    ]
  }
}