{
  "${ModID}:VampireInTrainingQuest": {
    "TITLE": "吸血鬼训练中",
    "DESCRIPTION": "总计打出基础打击 #b66 次。",
    "AUTHOR": "Lua Viper",
    "TRACKER_TEXT": [
      "已打出打击"
    ]
  },
  "${ModID}:RapidImprovisationQuest": {
    "TITLE": "快速应变",
    "DESCRIPTION": "获得 #y任务绑定 #y蜕变 #y和 #y蛹 。在下场战斗中，打出这两张任务绑定卡以及它们加入你抽牌堆的所有卡牌。",
    "AUTHOR": "Lua Viper",
    "TRACKER_TEXT": [
      "已打出蜕变",
      "已打出蛹"
    ],
    "EXTRA_TEXT": [
      "",
      " 已打出"
    ]
  },
  "${ModID}:PrioritiesQuest": {
    "TITLE": "分清主次",
    "DESCRIPTION": "本幕的下一个精英将是监工。按照从左到右的顺序，依次击败敌人。",
    "AUTHOR": "Lua Viper",
    "REWARD": "本次战斗的所有卡牌奖励都将被升级。",
    "TRACKER_TEXT": [
      "先击败蓝色奴隶贩子",
      "第二个击败监工",
      "最后击败红色奴隶贩子"
    ],
    "EXTRA_TEXT": [
      "",
      ""
    ]
  },
  "${ModID}:SwishSwishSwishQuest": {
    "TITLE": "唰 唰 唰 (已弃用)",
    "DESCRIPTION": "在同一场战斗中做出 #b3 种独特的劈砍动作。",
    "AUTHOR": "Lua Viper",
    "TRACKER_TEXT": [
      "水平劈砍",
      "斜向劈砍",
      "垂直劈砍",
      "重劈",
      "本场战斗的独特劈砍数"
    ],
    "EXTRA_TEXT": [
      "\n(鼠标悬停查看详情)",
      "#y水平 ： 灾祸，突进，死死死，钢铁风暴，快速斩击，漏洞百出，仪式短匕，投掷匕首，打击 NL #y垂直 ： 灾祸 (中毒)，中毒刺击 NL #y斜向 ：戏剧性入场，终结技，玻璃刀刃，华丽收场，切割，鬼祟打击，清空双手 NL #y重劈 ：全力攻击，背刺，锁喉，剖腹，玻璃刀刃，狂欢，开信刀，精湛刺击，捕食者"
    ]
  },
  "${ModID}:PainIndexQuest": {
    "TITLE": "痛苦指数 (已弃用)",
    "DESCRIPTION": "通过承受尖塔居民7种独特的攻击或元素效果来进行研究。",
    "AUTHOR": "Lua Viper",
    "TRACKER_TEXT": [
      "总独特攻击数",
      "轻度打击",
      "重度打击",
      "粉碎",
      "水平劈砍",
      "斜向劈砍",
      "垂直劈砍",
      "重劈",
      "突袭",
      "火焰",
      "中毒"
    ],
    "EXTRA_TEXT": [
      "\n(鼠标悬停查看详情)"
    ]
  },
  "${ModID}:HydrateQuest": {
    "TITLE": "记得补水！(已弃用)",
    "DESCRIPTION": "连续 #b8 场战斗结束时未使用药水。",
    "AUTHOR": "Lua Viper",
    "TRACKER_TEXT": [
      "连续战斗结束时未使用药水"
    ]
  }
}