{
  "${ModID}:ConfigMenuText": {
    "TEXT": [
      "尖塔任务",
      "",
      "",
      "启用接取任务需要消耗资源。",
      "为任务绑定卡牌启用主卡组视觉效果。",
      "启用任务板上查看奖杯状态的工具提示。",
      "始终在任务日志中启用任务描述工具提示。"
    ]
  },
  "${ModID}:QuestUI": {
    "TEXT": [
      "任务",
      "",
      ""
    ]
  },
  "${ModID}:QuestBoard": {
    "TEXT": [
      "取消",
      "接取任务",
      "你还可以选择 ",
      " 个任务",
      "作者：",
      "任务日志已满！在已激活的任务上按住右键可将其移除。",
      "#y任务 ： NL ",
      "#g奖励 ： NL "
    ]
  },
  "${ModID}:AbstractQuest": {
    "TEXT": [
      "任务完成！请在战斗外点击领取奖励。",
      "任务完成！请在奖励界面点击领取奖励。",
      "任务失败！点击移除。"
    ]
  },
  "${ModID}:QuestReward": {
    "TEXT": [
      "获得 #b%d 金币。",
      "获得 %s。",
      "一件随机普通遗物",
      "一件随机罕见遗物",
      "一件随机稀有遗物",
      "一件随机遗物",
      "最大生命值增加 #b%d。",
      "选择一张牌将其从你的牌组中移除。"
    ]
  },
  "${ModID}:SingleCardReward": {
    "TEXT": [
      "[卡牌] ",
      "提示：右键点击查看详细卡牌信息！"
    ]
  },
  "${ModID}:RunHistoryScreen": {
    "TEXT": [
      "任务：",
      "已完成：",
      "已失败："
    ]
  },
  "${ModID}:Questbound": {
    "TEXT": [
      "${ModID}:任务绑定。 NL ",
      "每当你完成 %s 次 [REMOVE_SPACE] ，将此牌从你的牌组中移除。无法通过任何其他方式修改或移除。",
      "每当你完成 %s 次 [REMOVE_SPACE] ，在战斗结束时移除此牌。无法通过任何其他方式修改或移除。"
    ]
  },
  "${ModID}:QuestManager": {
    "TEXT": [
      "我现在无法领取此任务。",
      "我无法在战斗期间领取任务。",
      "我只能在奖励界面领取此任务。"
    ]
  },
  "${ModID}:QuestStatsScreen": {
    "TEXT": [
      "任务统计",
      "出现次数",
      "接取次数",
      "完成次数",
      "失败次数",
      "任务摘要",
      "返回",
      "完成任务以获得并升级奖章。 NL NL • 完成1次 — 铜奖章 NL • 完成5次 — 银奖章 NL • 完成10次 — 金奖章 NL NL 每当你使用一个新角色完成一个任务时，你将获得一枚徽章，显示在你的奖章下方。",
      "奖章进度",
      "铜奖章",
      "银奖章",
      "金奖章",
      "已出现任务",
      "已接取任务",
      "已完成任务",
      "已失败任务",
      "已启用"
    ]
  },
  "${ModID}:QuestStatsMainMenuPanel": {
    "TEXT": [
      "任务日志",
      "查看所有任务以及你的奖杯和奖章状态。"
    ]
  },
  "${ModID}:StatRewardBox": {
    "TEXT": [
      "随机遗物奖励",
      "金币奖励",
      "其他奖励",
      "最大生命值奖励",
      "随机任务奖励",
      "此任务每次运行都有随机奖励！"
    ]
  },
  "${ModID}:StatisticsFTUE": {
    "TEXT": [
      "任务日志",
      "当你在尖塔中完成任务时，你将获得奖杯和徽章。你可以在统计菜单的“任务日志”部分查看相关进度。",
      "继续"
    ]
  },
  "${ModID}:QuestStats": {
    "TEXT": [
      "奖杯统计",
      "你已获得此任务的 #y铜 #y奖章 ！",
      "你已获得此任务的 #y银 #y奖章 ！",
      "你已获得此任务的 #y金 #y奖章 ！",
      "你尚未获得此任务的奖章。",
      "你已完成此任务的角色："
    ]
  },
  "${ModID}:Score": {
    "TEXT": [
      "完成任务数 (%d)"
    ]
  }
}
