{
  "${ModID}:CalculatedKillerQuest": {
    "TITLE": "精确杀手",
    "DESCRIPTION": "使用精确伤害击杀怪物 #b3 次。",
    "AUTHOR": "MaybeLaterx",
    "TRACKER_TEXT": [
      "精确击杀"
    ]
  },
  "${ModID}:AutotransfusionQuest": {
    "TITLE": "自体输血",
    "DESCRIPTION": "以 #b25% 或更少的生命值结束战斗 #b5 次。",
    "AUTHOR": "MaybeLaterx",
    "TRACKER_TEXT": [
      "以25%或更少生命值结束的战斗"
    ]
  },
  "${ModID}:HumbleSmithyQuest": {
    "TITLE": "谦逊铁匠",
    "DESCRIPTION": "在营火处升级 #b3 张初始卡牌。",
    "AUTHOR": "MaybeLaterx",
    "TRACKER_TEXT": [
      "已锻造的初始卡牌"
    ]
  },
  "${ModID}:JackOfAllTradesQuest": {
    "TITLE": "多面手",
    "DESCRIPTION": "将 #b2 张无色卡牌加入你的牌组。",
    "AUTHOR": "MaybeLaterx",
    "TRACKER_TEXT": [
      "已添加的无色卡牌"
    ]
  }
}