{
  "${ModID}:MutagenBlood": {
    "NAME": "突变血液",
    "FLAVOR": "哎呀，我忘了告诉你副作用。——增强者",
    "DESCRIPTIONS": [
      "将来自 #yJ.A.X. 的生命损失减少至 #b1 。战斗结束时，如果你没有打出 #yJ.A.X. ，失去 #b6 点生命。"
    ]
  },
  "${ModID}:Binder": {
    "NAME": "三环活页夹",
    "FLAVOR": "保持一切井然有序的完美工具。",
    "DESCRIPTIONS": [
      "拾取时，#y升级 #b2 张随机卡牌。如果你的牌组拥有超过 #b25 张卡牌，商人的卡牌移除服务将永久只花费 #b25 #y金币 。"
    ]
  }
}